<BackupInst xmlns="http://www.microsoft.com/GroupPolicy/GPOOperations/Manifest"><GPOGuid><![CDATA[{95CCA86E-134B-4CBA-BB05-2A55F89CECEC}]]></GPOGuid><GPODomain><![CDATA[Security.local]]></GPODomain><GPODomainGuid><![CDATA[{c16481a2-46d3-4bce-896c-4ad33f630901}]]></GPODomainGuid><GPODomainController><![CDATA[DC-SEC-01.Security.local]]></GPODomainController><BackupTime><![CDATA[2016-01-22T13:26:22]]></BackupTime><ID><![CDATA[{37BD6154-904F-4071-9055-CB0633EE30EF}]]></ID><Comment><![CDATA[]]></Comment><GPODisplayName><![CDATA[SCM Windows 10 TH2 - Computer]]></GPODisplayName></BackupInst>
