<BackupInst xmlns="http://www.microsoft.com/GroupPolicy/GPOOperations/Manifest"><GPOGuid><![CDATA[{81016E18-6CCB-4009-B43A-08BB7D120B05}]]></GPOGuid><GPODomain><![CDATA[Security.local]]></GPODomain><GPODomainGuid><![CDATA[{c16481a2-46d3-4bce-896c-4ad33f630901}]]></GPODomainGuid><GPODomainController><![CDATA[DC-SEC-01.Security.local]]></GPODomainController><BackupTime><![CDATA[2016-01-22T13:26:22]]></BackupTime><ID><![CDATA[{6ADC1948-09A1-47C2-B1B8-B22E397CE724}]]></ID><Comment><![CDATA[]]></Comment><GPODisplayName><![CDATA[SCM Windows 10 - Domain Security]]></GPODisplayName></BackupInst>
