<BackupInst xmlns="http://www.microsoft.com/GroupPolicy/GPOOperations/Manifest"><GPOGuid><![CDATA[{FFDE8540-331A-4BBE-957F-96D729703359}]]></GPOGuid><GPODomain><![CDATA[Security.local]]></GPODomain><GPODomainGuid><![CDATA[{c16481a2-46d3-4bce-896c-4ad33f630901}]]></GPODomainGuid><GPODomainController><![CDATA[DC-SEC-01.Security.local]]></GPODomainController><BackupTime><![CDATA[2016-01-22T13:26:16]]></BackupTime><ID><![CDATA[{13EF1215-570A-4B8F-A3B0-F3BB70C96C18}]]></ID><Comment><![CDATA[]]></Comment><GPODisplayName><![CDATA[SCM Internet Explorer - Computer]]></GPODisplayName></BackupInst>
