<Backups xmlns="http://www.microsoft.com/GroupPolicy/GPOOperations/Manifest" xmlns:mfst="http://www.microsoft.com/GroupPolicy/GPOOperations/Manifest" mfst:version="1.0"><BackupInst><GPOGuid><![CDATA[{95CCA86E-134B-4CBA-BB05-2A55F89CECEC}]]></GPOGuid><GPODomain><![CDATA[Security.local]]></GPODomain><GPODomainGuid><![CDATA[{c16481a2-46d3-4bce-896c-4ad33f630901}]]></GPODomainGuid><GPODomainController><![CDATA[DC-SEC-01.Security.local]]></GPODomainController><BackupTime><![CDATA[2016-01-22T13:26:22]]></BackupTime><ID><![CDATA[{37BD6154-904F-4071-9055-CB0633EE30EF}]]></ID><Comment><![CDATA[]]></Comment><GPODisplayName><![CDATA[SCM Windows 10 TH2 - Computer]]></GPODisplayName></BackupInst><BackupInst><GPOGuid><![CDATA[{7560BA6A-97CA-4DFD-98B9-C42657399803}]]></GPOGuid><GPODomain><![CDATA[Security.local]]></GPODomain><GPODomainGuid><![CDATA[{c16481a2-46d3-4bce-896c-4ad33f630901}]]></GPODomainGuid><GPODomainController><![CDATA[DC-SEC-01.Security.local]]></GPODomainController><BackupTime><![CDATA[2016-01-22T13:26:22]]></BackupTime><ID><![CDATA[{6C93418C-FED8-4184-925D-94CFB496B5F1}]]></ID><Comment><![CDATA[]]></Comment><GPODisplayName><![CDATA[SCM Windows 10 TH2 - BitLocker]]></GPODisplayName></BackupInst><BackupInst><GPOGuid><![CDATA[{12F14E25-AEB3-45A6-A603-E7EA5500D4A8}]]></GPOGuid><GPODomain><![CDATA[Security.local]]></GPODomain><GPODomainGuid><![CDATA[{c16481a2-46d3-4bce-896c-4ad33f630901}]]></GPODomainGuid><GPODomainController><![CDATA[DC-SEC-01.Security.local]]></GPODomainController><BackupTime><![CDATA[2016-01-22T13:26:22]]></BackupTime><ID><![CDATA[{F563261D-E0B5-4CC3-A7E6-DE2CEBCFBD76}]]></ID><Comment><![CDATA[]]></Comment><GPODisplayName><![CDATA[SCM Windows 10 - User]]></GPODisplayName></BackupInst><BackupInst><GPOGuid><![CDATA[{81016E18-6CCB-4009-B43A-08BB7D120B05}]]></GPOGuid><GPODomain><![CDATA[Security.local]]></GPODomain><GPODomainGuid><![CDATA[{c16481a2-46d3-4bce-896c-4ad33f630901}]]></GPODomainGuid><GPODomainController><![CDATA[DC-SEC-01.Security.local]]></GPODomainController><BackupTime><![CDATA[2016-01-22T13:26:22]]></BackupTime><ID><![CDATA[{6ADC1948-09A1-47C2-B1B8-B22E397CE724}]]></ID><Comment><![CDATA[]]></Comment><GPODisplayName><![CDATA[SCM Windows 10 - Domain Security]]></GPODisplayName></BackupInst><BackupInst><GPOGuid><![CDATA[{BD4270E0-264A-4E74-812E-CB1F437A8088}]]></GPOGuid><GPODomain><![CDATA[Security.local]]></GPODomain><GPODomainGuid><![CDATA[{c16481a2-46d3-4bce-896c-4ad33f630901}]]></GPODomainGuid><GPODomainController><![CDATA[DC-SEC-01.Security.local]]></GPODomainController><BackupTime><![CDATA[2016-01-22T13:26:22]]></BackupTime><ID><![CDATA[{2D2F193A-6219-4508-BE94-DCCB289FEAEB}]]></ID><Comment><![CDATA[]]></Comment><GPODisplayName><![CDATA[SCM Windows 10 - Credential Guard]]></GPODisplayName></BackupInst><BackupInst><GPOGuid><![CDATA[{DC92BC89-A6CF-4210-9E43-B1B708B21277}]]></GPOGuid><GPODomain><![CDATA[Security.local]]></GPODomain><GPODomainGuid><![CDATA[{c16481a2-46d3-4bce-896c-4ad33f630901}]]></GPODomainGuid><GPODomainController><![CDATA[DC-SEC-01.Security.local]]></GPODomainController><BackupTime><![CDATA[2016-01-22T13:26:21]]></BackupTime><ID><![CDATA[{8BFF2654-0813-4FFB-A677-D8D4874A0F70}]]></ID><Comment><![CDATA[]]></Comment><GPODisplayName><![CDATA[SCM Internet Explorer - User]]></GPODisplayName></BackupInst><BackupInst><GPOGuid><![CDATA[{FFDE8540-331A-4BBE-957F-96D729703359}]]></GPOGuid><GPODomain><![CDATA[Security.local]]></GPODomain><GPODomainGuid><![CDATA[{c16481a2-46d3-4bce-896c-4ad33f630901}]]></GPODomainGuid><GPODomainController><![CDATA[DC-SEC-01.Security.local]]></GPODomainController><BackupTime><![CDATA[2016-01-22T13:26:16]]></BackupTime><ID><![CDATA[{13EF1215-570A-4B8F-A3B0-F3BB70C96C18}]]></ID><Comment><![CDATA[]]></Comment><GPODisplayName><![CDATA[SCM Internet Explorer - Computer]]></GPODisplayName></BackupInst></Backups>